epoch,train_loss,train_auc,val_loss,val_auc
1,1.044044,,,0.684697
2,0.991817,,,0.705379
3,0.973381,,,0.710542
4,0.927730,,,0.712434
5,0.870773,,,0.712213
