epoch,train_loss,train_auc,val_loss,val_auc
1,1.044044,,,0.684697
2,0.978777,,,0.705448
3,0.939005,,,0.712116
4,0.923312,,,0.716051
5,0.874717,,,0.716258
