epoch,train_loss,train_auc,val_loss,val_auc
1,1.233804,,,0.809195
2,0.973468,,,0.765036
3,0.514484,,,0.772957
4,0.424112,,,0.821329
5,0.354108,,,0.777211
6,0.391274,,,0.781279
