epoch,train_loss,val_loss,train_auc,val_auc,best_epoch
1,1.233804,,,0.809195,1
2,0.973468,,,0.765036,1
3,0.514484,,,0.772957,1
4,0.424112,,,0.821329,4
5,0.354108,,,0.777211,4
6,0.391274,,,0.781279,4
