epoch,train_loss,val_loss,train_auc,val_auc,best_epoch
1,0.798406,0.508944,0.832700,0.775400,1
2,0.855918,0.445106,0.846765,0.780408,2
3,0.840940,0.464047,0.851982,0.784679,3
4,0.819066,0.511446,0.858836,0.783229,3
5,0.817475,0.502544,0.863880,0.784301,3
6,0.805636,0.594979,0.865440,0.781274,3
7,0.809046,0.570644,0.870780,0.782564,3
8,0.776483,0.508715,0.875533,0.783656,3
