epoch,train_loss,train_auc,val_loss,val_auc
1,0.808823,,,0.779147
2,0.857602,,,0.783320
3,0.854640,,,0.788309
4,0.835273,,,0.785743
5,0.838313,,,0.787189
6,0.827554,,,0.787117
7,0.822755,,,0.788196
8,0.811243,,,0.787031
9,0.818171,,,0.787594
