epoch,train_loss,train_auc,val_loss,val_auc
1,1.032874,,,0.728007
2,0.998061,,,0.728283
3,0.885434,,,0.725191
4,0.774169,,,0.721560
5,0.753374,,,0.717942
