epoch,train_loss,train_auc,val_loss,val_auc
1,0.906593,,,0.747267
2,0.939430,,,0.759558
3,0.906605,,,0.777104
4,0.888439,,,0.778437
5,0.887309,,,0.780247
