epoch,train_loss,train_auc,val_loss,val_auc
1,1.156205,,,0.736630
2,0.837027,,,0.745152
3,2.133484,,,0.739191
4,0.657355,,,0.746043
5,0.799966,,,0.745536
