epoch,train_loss,val_loss,train_auc,val_auc,best_epoch
1,0.792399,0.530455,0.838690,0.771505,1
2,0.849581,0.451877,0.851688,0.781607,2
3,0.843001,0.467197,0.854639,0.785375,3
4,0.820026,0.531100,0.862114,0.780514,3
5,0.826625,0.572188,0.865223,0.777148,3
6,0.800990,0.507758,0.873093,0.780059,3
7,0.809989,0.528270,0.872376,0.781513,3
8,0.779790,0.535951,0.881042,0.777601,3
