epoch,train_loss,train_auc,val_loss,val_auc
1,0.803121,,,0.780891
2,0.861096,,,0.785666
3,0.860668,,,0.790578
4,0.841874,,,0.789437
5,0.842601,,,0.789306
6,0.831699,,,0.788571
7,0.830024,,,0.790411
8,0.811502,,,0.789056
9,0.816626,,,0.787410
10,0.803572,,,0.785817
11,0.816160,,,0.788090
12,0.787840,,,0.786709
13,0.805168,,,0.786841
