epoch,train_loss,val_loss,train_auc,val_auc,best_epoch
1,0.669537,,,0.771681,1
2,0.49813,,,0.775543,2
3,0.5747,,,0.779974,3
4,0.214133,,,0.780792,4
5,0.169002,,,0.781964,5
6,0.149276,,,0.837046,6
7,0.138749,,,0.782176,6
8,0.12288,,,0.748206,6
9,0.119872,,,0.782704,6
10,0.088128,,,0.74906,6
