epoch,train_loss,train_auc,val_loss,val_auc
1,0.649928,,,0.770856
2,0.386246,,,0.775403
3,0.409291,,,0.778454
4,0.333359,,,0.778601
5,0.174017,,,0.779012
6,0.140403,,,0.781990
7,0.133110,,,0.821953
8,0.094550,,,0.694830
9,0.085943,,,0.685235
10,0.070445,,,0.730038
