epoch,train_loss,train_auc,val_loss,val_auc
1,1.156258,,,0.736619
2,0.837593,,,0.745179
3,2.131461,,,0.739207
4,0.654674,,,0.746043
5,0.801458,,,0.745520
