epoch,train_loss,train_auc,val_loss,val_auc
1,1.044044,,,0.684697
2,0.996884,,,0.705372
3,0.972638,,,0.710901
4,0.930498,,,0.712931
5,0.850344,,,0.712599
