epoch,train_loss,train_auc,val_loss,val_auc
1,1.056946,,,0.732563
2,1.008566,,,0.735283
3,0.938854,,,0.730879
4,0.842659,,,0.730672
5,0.738421,,,0.726405
