epoch,train_loss,train_auc,val_loss,val_auc
1,1.367400,,,0.766877
2,0.765793,,,0.773146
3,0.636669,,,0.765885
4,0.387953,,,0.768830
5,0.384534,,,0.772024
6,0.387812,,,0.769579
7,0.341389,,,0.713625
8,0.225238,,,0.773516
9,0.276583,,,0.697856
10,0.180671,,,0.741002
11,0.247976,,,0.749387
12,0.156979,,,0.725329
13,0.168493,,,0.693038
14,0.133982,,,0.699515
