epoch,train_loss,train_auc,val_loss,val_auc
1,0.800472,,,0.780684
2,0.857592,,,0.785579
3,0.853664,,,0.789012
4,0.840465,,,0.787433
5,0.844891,,,0.790284
6,0.830629,,,0.787020
7,0.833331,,,0.789830
8,0.818135,,,0.789290
9,0.823929,,,0.788583
10,0.799757,,,0.784634
11,0.803507,,,0.786183
12,0.779764,,,0.786591
13,0.794899,,,0.785611
14,0.772424,,,0.786421
15,0.791300,,,0.784596
