epoch,train_loss,val_loss,train_auc,val_auc,best_epoch
1,0.792476,0.516565,0.837554,0.774063,1
2,0.855269,0.446129,0.851190,0.778772,2
3,0.841252,0.458701,0.856400,0.783552,3
4,0.824444,0.456358,0.861602,0.781794,3
5,0.824316,0.569238,0.864350,0.776193,3
6,0.809031,0.527830,0.869599,0.780412,3
7,0.813399,0.571547,0.874563,0.780263,3
8,0.782976,0.495598,0.881115,0.776191,3
