epoch,train_loss,train_auc,val_loss,val_auc
1,1.044044,,,0.657707
2,0.998810,,,0.703391
3,1.004102,,,0.704150
4,4.102377,,,0.709465
5,0.933912,,,0.710528
