epoch,train_loss,train_auc,val_loss,val_auc
1,0.676934,,,0.773072
2,0.654032,,,0.776347
3,0.506503,,,0.776841
4,0.261725,,,0.779939
5,0.210757,,,0.802302
6,0.148104,,,0.803772
7,0.142718,,,0.694069
8,0.108557,,,0.728079
9,0.115529,,,0.782006
10,0.081848,,,0.689074
11,0.055785,,,0.688100
12,0.037767,,,0.683140
13,0.046041,,,0.672423
14,0.031237,,,0.644876
15,0.038872,,,0.675790
16,0.019939,,,0.688728
