epoch,train_loss,train_auc,val_loss,val_auc
1,0.748490,,,0.759825
2,0.481095,,,0.776189
3,0.413906,,,0.779331
4,0.225014,,,0.781030
5,0.214496,,,0.782044
6,0.143762,,,0.782287
7,0.160612,,,0.782856
8,0.107293,,,0.783644
9,0.089553,,,0.782683
10,0.068383,,,0.781458
11,0.074835,,,0.772216
12,0.050875,,,0.768987
13,0.047943,,,0.766621
14,0.030961,,,0.779550
