epoch,train_loss,val_loss,train_auc,val_auc,best_epoch
1,0.737204,0.351827,0.955035,0.770769,1
2,0.606660,0.378706,0.963974,0.775755,2
3,0.347586,0.340698,0.985027,0.778901,3
4,0.290288,0.330692,0.990592,0.780641,4
5,0.200302,0.321623,0.995369,0.782506,5
6,0.155872,0.325436,0.996724,0.783614,6
7,0.191293,0.333588,0.994774,0.783058,6
8,0.203176,0.311192,0.996289,0.783559,6
9,0.119920,0.317558,0.997804,0.782492,6
10,0.085929,0.321892,0.998806,0.782311,6
11,0.069936,0.318129,0.999297,0.783161,6
