epoch,train_loss,train_auc,val_loss,val_auc
1,0.908495,,,0.747147
2,0.944224,,,0.756923
3,0.907026,,,0.775587
4,0.890503,,,0.778082
5,0.892391,,,0.779409
