epoch,train_loss,train_auc,val_loss,val_auc
1,1.058590,,,0.681798
2,0.985993,,,0.703764
3,0.939689,,,0.709148
4,0.939078,,,0.714159
5,0.990739,,,0.716948
