epoch,train_loss,train_auc,val_loss,val_auc
1,1.186763,,,0.800629
2,0.856001,,,0.662472
3,0.553856,,,0.711564
4,0.657645,,,0.798075
5,0.393792,,,0.471472
6,0.284506,,,0.565584
7,0.305054,,,0.539301
8,0.265866,,,0.561127
9,0.243436,,,0.497518
10,0.175701,,,0.453757
11,0.207032,,,0.470444
