epoch,train_loss,val_loss,train_auc,val_auc,best_epoch
1,1.277915,4.797780,0.935494,0.677098,1
2,0.977648,3.012319,0.945956,0.747708,2
3,0.515287,0.743450,0.958392,0.818422,3
4,0.349177,1.998415,0.980682,0.766764,3
5,0.408676,9.669002,0.962794,0.449648,3
6,0.317823,9.785445,0.969900,0.443487,3
7,0.616415,1.413637,0.986278,0.782951,3
8,0.225185,0.762944,0.988556,0.763833,3
