epoch,train_loss,train_auc,val_loss,val_auc
1,0.973961,,,0.775436
2,0.660872,,,0.774338
3,0.448475,,,0.771349
4,0.339279,,,0.775483
5,0.515895,,,0.775801
