epoch,train_loss,val_loss,train_auc,val_auc,best_epoch
1,1.359938,2.888865,0.935882,0.743283,1
2,0.815481,2.066025,0.952494,0.786155,2
3,0.458238,6.064297,0.968627,0.608801,2
4,0.597387,8.674101,0.957529,0.493589,2
5,0.504205,1.347326,0.978489,0.762044,2
6,0.405703,0.375542,0.966879,0.777756,2
7,0.447964,1.791532,0.986154,0.777546,2
