epoch,train_loss,val_loss,train_auc,val_auc,best_epoch
1,1.309053,3.415077,0.934592,0.732926,1
2,0.805455,2.378334,0.969997,0.776353,2
3,0.512204,0.754751,0.967782,0.819753,3
4,0.346847,0.882701,0.974723,0.757057,3
5,0.618220,9.733733,0.964426,0.451737,3
6,0.325211,9.265119,0.982674,0.469506,3
7,0.316255,6.870163,0.982463,0.578428,3
8,0.277655,5.374793,0.974310,0.647031,3
