epoch,train_loss,train_auc,val_loss,val_auc
1,1.233804,,,0.809195
2,0.973494,,,0.764994
3,0.513856,,,0.772429
4,0.422226,,,0.821686
5,0.390185,,,0.778608
6,0.350989,,,0.737565
7,0.559747,,,0.624428
8,0.217656,,,0.819689
9,0.299124,,,0.619840
10,0.185140,,,0.597673
11,0.183227,,,0.594921
12,0.170624,,,0.589693
13,0.179251,,,0.642675
14,0.104444,,,0.581676
