epoch,train_loss,train_auc,val_loss,val_auc
1,1.044044,,,0.684697
2,0.991648,,,0.705441
3,0.972405,,,0.710653
4,0.927710,,,0.712448
5,0.871014,,,0.712185
