epoch,train_loss,train_auc,val_loss,val_auc
1,0.653028,,,0.774534
2,0.518115,,,0.777318
3,0.380483,,,0.778813
4,0.230231,,,0.779899
5,0.167652,,,0.773453
6,0.195715,,,0.779925
7,0.126092,,,0.780256
8,0.108102,,,0.780595
9,0.087887,,,0.775419
10,0.064642,,,0.780372
11,0.072534,,,0.770771
12,0.048584,,,0.777956
13,0.074406,,,0.777760
14,0.030955,,,0.775410
