epoch,train_loss,train_auc,val_loss,val_auc
1,0.983203,,,0.729843
2,1.008539,,,0.732563
3,0.972969,,,0.722926
4,0.746578,,,0.715015
5,0.714139,,,0.713939
