epoch,train_loss,train_auc,val_loss,val_auc
1,1.186763,,,0.800629
2,0.856000,,,0.662472
3,0.553054,,,0.712650
4,0.657179,,,0.799252
5,0.393169,,,0.442740
6,0.395951,,,0.749023
7,0.331166,,,0.502292
