epoch,train_loss,val_loss,train_auc,val_auc,best_epoch
1,1.277915,4.797798,0.935494,0.677096,1
2,0.977597,3.009408,0.945963,0.747969,2
3,0.514551,0.743351,0.958395,0.818442,3
4,0.347623,2.381123,0.982805,0.771185,3
5,0.391072,10.553334,0.963872,0.412768,3
6,0.326916,10.610940,0.981129,0.410879,3
7,0.312139,10.623257,0.988887,0.412396,3
8,0.203085,10.587270,0.986171,0.413274,3
