epoch,train_loss,train_auc,val_loss,val_auc
1,0.894413,,,0.747140
2,0.930677,,,0.758315
3,0.889328,,,0.775303
4,0.875706,,,0.777706
5,0.871071,,,0.780488
