epoch,train_loss,train_auc,val_loss,val_auc
1,0.915575,,,0.747171
2,0.952874,,,0.756619
3,0.921415,,,0.776204
4,0.896243,,,0.776452
5,0.890897,,,0.777637
