epoch,train_loss,train_auc,val_loss,val_auc
1,0.803120,,,0.781218
2,0.857098,,,0.785258
3,0.849133,,,0.789351
4,0.832392,,,0.787508
5,0.831155,,,0.784791
6,0.822541,,,0.791456
7,0.822869,,,0.790411
8,0.811080,,,0.791029
9,0.811524,,,0.789462
10,0.796298,,,0.787251
11,0.791640,,,0.785402
12,0.762860,,,0.779803
13,0.780068,,,0.781448
14,0.749899,,,0.779348
15,0.765087,,,0.779048
16,0.725866,,,0.775685
