epoch,train_loss,val_loss,train_auc,val_auc,best_epoch
1,0.794270,0.523008,0.838460,0.773662,1
2,0.855242,0.440393,0.852712,0.779059,2
3,0.837513,0.460181,0.857419,0.780946,3
4,0.820642,0.534685,0.861118,0.784713,4
5,0.820767,0.551043,0.863963,0.783945,4
6,0.802043,0.485678,0.870345,0.780836,4
7,0.798720,0.541763,0.872922,0.779710,4
8,0.784393,0.450752,0.881107,0.777910,4
9,0.774871,0.474296,0.887313,0.780544,4
