epoch,train_loss,train_auc,val_loss,val_auc
1,1.032874,,,0.728007
2,1.004426,,,0.728255
3,0.817490,,,0.726654
4,0.790841,,,0.724528
5,0.732653,,,0.720496
