epoch,train_loss,train_auc,val_loss,val_auc
1,1.077734,,,0.763824
2,1.018335,,,0.744992
3,1.109245,,,0.741414
4,0.540891,,,0.746262
5,0.721752,,,0.742505
