epoch,train_loss,val_loss,train_auc,val_auc,best_epoch
1,0.80312,,,0.781218,1
2,0.860477,,,0.785251,2
3,0.851989,,,0.789359,3
4,0.83609,,,0.7876,3
5,0.832581,,,0.785446,3
6,0.827823,,,0.789558,6
7,0.810158,,,0.7981851,7
8,0.819692,,,0.785489,7
9,0.815431,,,0.786708,7
10,0.808567,,,0.785902,7
