epoch,train_loss,train_auc,val_loss,val_auc
1,0.803120,,,0.781218
2,0.860477,,,0.785251
3,0.851989,,,0.789359
4,0.836090,,,0.787600
5,0.832581,,,0.785446
6,0.827823,,,0.789558
7,0.830158,,,0.792851
8,0.819692,,,0.785489
