epoch,train_loss,train_auc,val_loss,val_auc
1,0.914000,,,0.775353
2,0.673182,,,0.774403
3,0.565203,,,0.770434
4,0.318112,,,0.775253
5,0.336531,,,0.776991
