epoch,train_loss,train_auc,val_loss,val_auc
1,0.816538,,,0.775662
2,0.863089,,,0.782878
3,0.857377,,,0.786741
4,0.835755,,,0.789445
5,0.834051,,,0.788400
6,0.825287,,,0.787346
7,0.827228,,,0.787985
8,0.809846,,,0.787801
9,0.817516,,,0.787638
10,0.804673,,,0.788330
