epoch,train_loss,train_auc,val_loss,val_auc
1,1.065379,,,0.681812
2,0.992788,,,0.703653
3,0.946515,,,0.709203
4,0.946271,,,0.714256
5,0.997350,,,0.716990
